Date of Movie,Starting Time,Actors,Channel Name,Production Date,Title of Show,Current Episode,Total Episodes,Genre,Series/Movie,Season Number
03-03-2021,23:25,-,een,2021,Journaallus,-,-, Nieuws In Lusvorm,Serie,-
03-03-2021,00:55,-,canvas,2021,Canvaslus,-,-,-,Serie,-
03-03-2021,01:30,-,vtm,-,Qmusic,-,-,-,-,-
03-03-2021,23:55,-,vier,-,Geen uitzending,-,-,-,-,-
03-03-2021,06:00,-,vtm,2016,Thomas de Trein,8,26, Animatie,Jeugdprogramma,20
03-03-2021,06:10,-,vtm,-,-,-,-,-,-,-
03-03-2021,06:20,-,vtm,2009,TiTaToverfeest,85,250, Jeugd,Jeugdprogramma,1
03-03-2021,06:35,-,vtm,-,-,-,-,-,-,-
03-03-2021,06:50,-,vtm,1998,Kabouter plop,43,60, Kleuterprogramma,Jeugdprogramma,1998
03-03-2021,06:55,-,vtm,2018,Pokémon: Zon & Maan Ultra-Avonturen,8,48, Animatie,Jeugdprogramma,21
03-03-2021,07:15,-,vtm,2020,Lego Ninjago,15,32, Animatie,Jeugdprogramma,2
03-03-2021,07:25,-,vtm,2020,Lego Ninjago,16,32, Animatie,Jeugdprogramma,2
03-03-2021,07:35,-,vtm,2017,De Buurtpolitie - Extra,19,75, Reality,Show,1
03-03-2021,07:50,-,vtm,2017,De Buurtpolitie - Extra,20,75, Reality,Show,1
03-03-2021,08:05,-,vtm,2019,VLOGLAB Secrets #Stories,8,13, Jeugd,Jeugdprogramma,1
03-03-2021,08:30,-,vtm,2015,Lang Leve Koning Julien,8,26, Animatie,Jeugdprogramma,2
03-03-2021,08:50,-,vtm,-,-,-,-,-,-,-
03-03-2021,09:00,-,een,-,Winterbeelden,-,-,-,Serie,-
03-03-2021,09:00,-,canvas,-,Winterbeelden,-,-,-,Serie,-
03-03-2021,09:10,-,vtm,-,-,-,-,-,-,-
03-03-2021,09:30,-,vtm,-,-,-,-,-,-,-
03-03-2021,09:40,-,vtm,-,-,-,-,-,-,-
03-03-2021,09:10,-,vier,-,-,-,-,-,-,-
03-03-2021,09:30,-,vier,-,-,-,-,-,-,-
03-03-2021,09:45,-,vier,2013,De Wereld op je Bord,9,21, Culinair Magazine,Serie,1
03-03-2021,10:00,-,een,2020,Radio 2 op één,132,220,-,Serie,2020
03-03-2021,10:00,-,canvas,2021,Ketnet Junior,62,365, Kleuterprogramma,Jeugdprogramma,2021
03-03-2021,10:00,-,vtm,2020,Geen uitzending,-,-,-,-,-
03-03-2021,10:05,-,vier,-,-,-,-,-,-,-
03-03-2021,10:55,-,vier,-,-,-,-,-,-,-
03-03-2021,12:00,-,een,-,Winterbeelden,-,-,-,Serie,-
03-03-2021,12:20,-,een,-,Dagelijkse Kost,2743,240, Culinair Magazine,Serie,11
03-03-2021,12:35,-,een,2020,Blokken,5614,205, Spelshow,Serie,2020
03-03-2021,12:00,-,vtm,-,-,-,-,-,-,-
03-03-2021,12:30,-,vtm,-,-,-,-,-,-,-
03-03-2021,12:55,-,vier,-,-,-,-,-,-,-
03-03-2021,13:00,-,een,-,-,-,-,-,-,-
03-03-2021,13:25,-,een,-,-,-,-,-,-,-
03-03-2021,13:30,-,een,2020,Iedereen beroemd,158,246,-,Reportage,2020
03-03-2021,13:55,"Pol Goossen (Frank), Marleen Merckx (Simonne), Leah Thys (Marianne), Monika Van Lierde (Ann), Annick Segal (Rosa)",een,2017,Thuis,4415,-, Soap,Reeks,23
03-03-2021,13:00,-,vtm,2021,VTM NIEUWS,-,-,-,Serie,-
03-03-2021,13:30,-,vtm,-,-,-,-,-,-,-
03-03-2021,13:40,-,vtm,-,-,-,-,-,-,-
03-03-2021,13:40,-,vier,-,Geen uitzending,-,-,-,Serie,-
03-03-2021,14:20,-,een,-,-,-,-,-,-,-
03-03-2021,14:45,-,een,2021,Villa Politica Extra,15,72, Praatprogramma Over De Actualiteit,Praatprogramma's,2021
03-03-2021,14:15,"Greet Rouffaer (Nellie), Marc Coessens (Frank), Arnold Willems (Georges), Peter Bulckaen (Max), Kürt Rogiers (Sneyers)",vtm,2004,Wittekerke,42,88, Soap,Reeks,12
03-03-2021,15:15,"Kate Walsh (Dr. Addison Montgomery), Tim Daly (Dr. Pete Wilder), Paul Adelstein (Dr. Cooper Freedman), KaDee Strickland (Dr. Charlotte King), Taye Diggs (Dr. Sam Bennett)",vtm,2012,Private Practice,2,22, Dramaserie,Reeks,5
03-03-2021,16:15,-,een,-,-,-,-,-,-,-
03-03-2021,16:25,-,een,2017,Etonnants jardins,1,10,-,Documentaire,1
03-03-2021,16:50,"Ariel Kaplan (Imogen), Tim Phillipps (Daniel), Stefan Dennis (Paul), Mavournee Hazel (Piper), Tom Oliver (Lou Carpenter)",een,2020,Buren,8180,-, Soap,Reeks,2020
03-03-2021,16:05,-,vtm,2016,America's Funniest Home Videos,34,44, Komische Show,Serie,28
03-03-2021,16:20,-,vtm,-,-,-,-,-,-,-
03-03-2021,16:45,"Antje Hagen (Hildegard), Sepp Schauer (Alfons), Joachim Lätsch (André), Dieter Bach (Christoph), Uta Kargel (Eva)",vtm,2020,Sturm der Liebe,151,250, Soap,Reeks,16
03-03-2021,16:40,-,vier,-,-,-,-,-,-,-
03-03-2021,17:15,"Koen De Bouw (prof. Jasper Teerlinck), Ella Leyers (Annelies Donckers), Bart Hollanders (Daan De Winter), Tanja Oostvogels (Christina Flamant), Herwig Ilegems (Paul Rabet)",een,2015,Professor T.,5,13, Misdaadserie,Reeks,1
03-03-2021,17:40,-,vtm,2021,VTM NIEUWS,-,-,-,Serie,-
03-03-2021,17:45,-,vtm,2018,Echte Verhalen: De Buurtpolitie,53,70, Reality,Show,10
03-03-2021,17:05,-,vier,-,-,-,-,-,-,-
03-03-2021,17:30,-,vier,2016,Soep!,14,20, Culinair Magazine,Serie,1
03-03-2021,17:50,-,vier,2021,Dag dokter,18,-, Soap,Documentaire,1
03-03-2021,18:04,-,een,2021,Het journaal,-,-,-,Serie,-
03-03-2021,18:10,-,een,-,-,-,-,-,-,-
03-03-2021,18:15,-,een,-,Dagelijkse Kost,2744,240, Culinair Magazine,Serie,11
03-03-2021,18:30,-,een,2020,Blokken,5699,205, Quiz,Spelprogramma's,2020
03-03-2021,18:20,"Tinne Oltmans (Lisa), Oscar Willems (Jonas), Anouck Luyten (Katja), Bert Verbeke (Gert), Hilde De Baerdemaeker (Suzanne)",vtm,2021,Lisa,28,205, Romantische Serie,Reeks,1
03-03-2021,18:30,-,vier,2013,Geubels en de Belgen,5,9, Komische Show,Serie,1
03-03-2021,19:00,-,een,2021,Het journaal,-,-,-,Serie,-
03-03-2021,19:40,-,een,-,-,-,-,-,-,-
03-03-2021,19:00,-,canvas,2017,"Raoul Servais, Memoires van een Ambachtsman",-,-, Documentair Portret,Documentaire,-
03-03-2021,19:00,-,vtm,2021,VTM NIEUWS,-,-,-,Serie,-
03-03-2021,19:55,-,vtm,-,-,-,-,-,-,-
03-03-2021,19:10,-,vier,2015,Komen eten,35,-, Culinair Magazine,Serie,14
03-03-2021,19:55,-,vier,2021,Dag dokter,19,-, Soap,Documentaire,1
03-03-2021,20:02,-,een,2021,Joker+ en Lotto,19,107,-,Informatief Programma,2021
03-03-2021,20:05,-,een,2021,Het weer,-,-, Weerbericht,Nieuws,-
03-03-2021,20:10,"Pol Goossen (Frank), Marleen Merckx (Simonne), Leah Thys (Marianne), Monika Van Lierde (Ann), Annick Segal (Rosa)",een,-,Thuis,4968,205, Soap,Reeks,26
03-03-2021,20:40,-,een,2021,Radio Gaga,1,3,-,Reportage,4
03-03-2021,20:00,-,canvas,2021,Terzake,-,-, Nieuws En Duiding,Serie,-
03-03-2021,20:35,-,canvas,2021,De afspraak,32,170, Praatprogramma Over De Actualiteit,Praatprogramma's,2021
03-03-2021,20:05,"Kürt Rogiers (Lars), Annie Geeraerts (Anna), Ray Verhaeghe (Albert), Sandrine André (Véronique), Jef De Smedt (Jan)",vtm,2020,Familie,138,220, Soap,Reeks,30
03-03-2021,20:40,-,vtm,2020,Huis Gemaakt,1,11, Reality,Show,1
03-03-2021,20:35,Peter Boeckx,vier,2021,"Don't Worry, Be Happy",3,-,-,Magazine,2
03-03-2021,21:30,-,een,2021,Pano,4,8, Duidingsmagazine,Serie,2021
03-03-2021,21:20,-,canvas,2021,Extra Time Koers,1,7, Realityreeks,Reportage,2021
03-03-2021,21:50,-,vtm,2021,Alloo,1,8, Realityreeks,Reportage,1
03-03-2021,21:35,-,vier,2021,Bye Bye Belgium,5,-,-,-,1
03-03-2021,22:10,-,een,-,-,-,-, Weerbericht,Nieuws,-
03-03-2021,22:25,-,een,2021,Het weer,-,-, Komische Serie,Reeks,-
03-03-2021,22:30,"Eugene Levy (Johnny Rose), Catherine O'Hara (Moira Rose), Dan Levy (David Rose), Annie Murphy (Alexis Rose), Emily Hampshire (Stevie Budd)",een,2017,Schitt's Creek,9,13,-,-,3
03-03-2021,22:57,-,een,-,-,-,-,-,Informatief Programma,-
03-03-2021,22:58,-,een,2021,Keno,62,365,-,-,2021
03-03-2021,22:59,-,een,-,-,-,-, Misdaadserie,Reeks,-
03-03-2021,22:20,"Chris Rock (Loy Cannon), Jason Schwartzman (Josto Fadda), Jessie Buckley (Oraetta Mayflower), Ben Whishaw (Patrick 'Rabbi' Milligan), Jack Huston (Odis Weff)",canvas,2020,Fargo,5,11, Reality,Show,4
03-03-2021,22:35,-,vier,2021,Big Brother,51,-,-,-,1
03-03-2021,23:00,-,een,-,-,-,-, Volleybal,Sport,-
03-03-2021,23:20,-,een,2021,Sporza: volleybal,-,-,-,-,-
03-03-2021,23:40,-,een,-,-,-,-,-,Serie,-
03-03-2021,23:55,-,een,2021,Het journaal,-,-, Misdaadserie,Reeks,-
03-03-2021,23:20,"Chris Rock (Loy Cannon), Jason Schwartzman (Josto Fadda), Jessie Buckley (Oraetta Mayflower), Ben Whishaw (Patrick 'Rabbi' Milligan), Jack Huston (Odis Weff)",canvas,2020,Fargo,6,11, Misdaadserie,Reeks,4
03-03-2021,23:05,"Jason Beghe (Hank Voight), Jesse Lee Soffer (Jay Halstead), Patrick John Flueger (Adam Ruzek), Marina Squerciati (Kim Burgess), LaRoyce Hawkins (Kevin Atwater)",vtm,2020,Chicago PD,3,20, Dramaserie,Reeks,7
03-03-2021,23:55,"Kate Walsh (Dr. Addison Montgomery), Tim Daly (Dr. Pete Wilder), Paul Adelstein (Dr. Cooper Freedman), KaDee Strickland (Dr. Charlotte King), Taye Diggs (Dr. Sam Bennett)",vtm,2012,Private Practice,2,22, Soap,Documentaire,5
03-03-2021,23:40,-,vier,2021,Dag dokter,19,-,-,-,1
03-03-2021,00:10,-,een,-,-,-,-, Praatprogramma Over De Actualiteit,Praatprogramma's,-
03-03-2021,00:15,-,een,2021,Villa Politica Extra,15,72,-,Praatprogramma's,2021
03-03-2021,00:02,-,canvas,2020,Winteruur,64,75,-,Serie,6
03-03-2021,00:15,-,canvas,2021,Canvaslus,-,-,-,-,-
03-03-2021,00:45,-,vtm,-,Qmusic,-,-,-,Serie,-
03-03-2021,00:15,-,vier,-,Geen uitzending,-,-, Nieuws In Lusvorm,Serie,-
03-03-2021,01:45,-,een,2021,Journaallus,-,-,-,-,-
03-03-2021,01:00,-,vtm,2020,Geen uitzending,-,-,-,-,-
03-03-2021,01:30,-,vtm,-,Qmusic,-,-,-,Serie,-
03-03-2021,01:05,-,vijf,-,Geen uitzending,-,-,-,-,-
03-03-2021,02:40,-,vtm2,-,-,-,-,-,-,-
03-03-2021,01:35,-,vtm3,2020,Geen uitzending,-,-,-,-,-
03-03-2021,00:30,-,vtm4,-,-,-,-,-,-,-
03-03-2021,07:10,-,vtm2,-,-,-,-, Dramaserie,Reeks,-
03-03-2021,08:30,"Alyssa Milano (Phoebe Halliwell), Holly Marie Combs (Piper), Rose McGowan (Paige), Brian Krause (Leo Wyatt), Drew Fuller (Chris Halliwell)",vijf,2003,Charmed,2,23,-,-,6
03-03-2021,08:00,-,vtm2,-,-,-,-,-,-,-
03-03-2021,09:10,-,vijf,-,-,-,-,-,-,-
03-03-2021,10:15,-,vijf,-,-,-,-,-,-,-
03-03-2021,10:00,-,vtm2,-,-,-,-,-,-,-
03-03-2021,10:40,-,vtm2,2020,Geen uitzending,-,-,-,Serie,-
03-03-2021,11:05,-,vijf,-,Geen uitzending,-,-,-,-,-
03-03-2021,11:35,-,vijf,-,-,-,-,-,-,-
03-03-2021,11:15,-,vtm2,-,-,-,-,-,-,-
03-03-2021,11:15,-,vtm3,-,-,-,-,-,-,-
03-03-2021,12:20,-,vijf,-,-,-,-,-,Spelprogramma's,-
03-03-2021,12:50,-,vijf,2020,The Block Australia,46,50,-,-,16
03-03-2021,12:05,-,vtm2,-,-,-,-, Realityreeks,Reportage,-
03-03-2021,12:55,-,vtm2,2019,Een Huis Vol,3,10,-,-,9
03-03-2021,12:00,-,vtm3,-,-,-,-,-,-,-
03-03-2021,12:55,-,vtm4,-,-,-,-,-,-,-
03-03-2021,13:40,-,vijf,-,-,-,-,-,-,-
03-03-2021,13:45,-,vtm2,-,-,-,-,-,-,-
03-03-2021,13:40,-,vtm4,-,-,-,-,-,-,-
03-03-2021,14:00,-,vijf,-,-,-,-,-,-,-
03-03-2021,14:45,-,vijf,-,-,-,-,-,-,-
03-03-2021,14:35,-,vtm2,-,-,-,-, Komedie,Film,-
03-03-2021,14:30,"Mark Booker (Stephen), Giselle Brasseur (Maggie), Sarah Elizabeth Ervin (serveerster), Flores Travis (Dave), Chelsea Gentile (Suzy Matthews)",vtm3,2012,Perfect Match,-,-,-,-,-
03-03-2021,14:30,-,vtm4,-,-,-,-,-,-,-
03-03-2021,15:15,-,vijf,-,-,-,-,-,-,-
03-03-2021,15:25,-,vtm2,-,-,-,-, Automagazine,Serie,-
03-03-2021,15:25,-,vtm4,2004,Top Gear,1,9, Reality,Show,5
03-03-2021,16:15,-,vijf,2017,Shopping Queens,10,20,-,-,1
03-03-2021,16:55,-,vijf,-,-,-,-,-,Spelprogramma's,-
03-03-2021,16:15,-,vtm2,2020,Masterchef Australia,38,66,-,-,12
03-03-2021,16:15,-,vtm3,-,-,-,-,-,-,-
03-03-2021,16:40,-,vtm3,-,-,-,-,-,-,-
03-03-2021,16:20,-,vtm4,-,-,-,-,-,-,-
03-03-2021,16:45,-,vtm4,-,-,-,-,-,-,-
03-03-2021,17:50,-,vijf,-,-,-,-, Realityreeks,Reportage,-
03-03-2021,17:40,-,vtm2,2012,Border Security Canada,8,13,-,-,1
03-03-2021,17:05,-,vtm3,-,-,-,-, Animatie,Reeks,-
03-03-2021,17:30,"Dan Castellaneta (Homer Simpson), Nancy Cartwright (Bart Simpson), Harry Shearer (Ned Flanders), Julie Kavner (Marge Simpson), Yeardley Smith (Lisa Simpson)",vtm3,2015,The Simpsons,17,22, Komische Serie,Reeks,27
03-03-2021,17:55,"Sofía Vergara (Gloria Delgado-Pritchett), Julie Bowen (Claire Dunphy), Ty Burrell (Phil Dunphy), Jesse Tyler Ferguson (Mitchell Pritchett), Eric Stonestreet (Cameron)",vtm3,2010,Modern Family,12,24,-,-,2
03-03-2021,17:10,-,vtm4,-,-,-,-,-,-,-
03-03-2021,18:55,-,vijf,-,-,-,-, Reality,Show,-
03-03-2021,18:05,-,vtm2,2013,Achter Gesloten Deuren,43,70, Komische Serie,Reeks,2
03-03-2021,18:25,"Sofía Vergara (Gloria Delgado-Pritchett), Julie Bowen (Claire Dunphy), Ty Burrell (Phil Dunphy), Jesse Tyler Ferguson (Mitchell Pritchett), Eric Stonestreet (Cameron)",vtm3,2010,Modern Family,13,24,-,-,2
03-03-2021,18:50,-,vtm3,-,-,-,-, Actieserie,Reeks,-
03-03-2021,18:00,"Patrick Bishop (Keoki), Tom Selleck (Thomas Magnum), John Hillerman (Higgins), James Whitemore Jr (Billy Joe Bob), Roger E Mosley (Theodore Calvin)",vtm4,1981,Magnum,9,21,-,Documentaire,2
03-03-2021,18:55,-,vtm4,2017,Zware Jongens - Police Interceptors,1,9, Reality,Show,13
03-03-2021,19:50,-,vijf,2017,Shopping Queens,11,20,-,-,1
03-03-2021,19:00,-,vtm2,-,-,-,-, Realityreeks,Reportage,-
03-03-2021,19:25,-,vtm2,2007,US Kitchen Nightmares,1,10,-,-,1
03-03-2021,19:45,-,vtm3,-,-,-,-, Komische Serie,Reeks,-
03-03-2021,19:45,"Charlie Sheen (Charlie Goodson), Shawnee Smith (Jennifer Goodson), Noureen DeWulf (Lacey), Michael Arden (Patrick), Derek Richardson (Nolan)",vtm4,2013,Anger Management,88,90, Reality,Show,2
03-03-2021,20:35,-,vijf,2020,Temptation Island: Love or Leave,3,13, Voetbal,Sport,1
03-03-2021,20:25,-,vtm2,2020,Croky Cup,-,-, Komische Serie,Reeks,-
03-03-2021,20:40,"Adam Sandler (Danny Maccabee), Jennifer Aniston (Katherine), Nicole Kidman (Devlin Adams), Brooklyn Decker (Palmer), Nick Swardson (Eddie)",vtm3,2011,Just Go With It,-,-, Dramaserie,Reeks,-
03-03-2021,20:10,"Nelly Frijda (Ma Flodder), Coen van Vrijberghe de Coningh (Johnnie), Herman Passchier (Opa), Tatjana Simic (dochter Kees), Stefan de Walle (zoon Kees)",vtm4,1995,Flodder,3,10, Datingprogramma,Show,3
03-03-2021,20:40,"Jesse Spencer (Matthew Casey), Taylor Kinney (Kelly Severide), Monica Raymund (Gabriela Dawson), Kara Killmer (Sylvie Brett), Eamonn Walker (Wallace Boden)",vtm4,2017,Chicago Fire,11,23, Dramaserie,Reeks,6
03-03-2021,21:35,-,vijf,2020,Naked Attraction: Naughtiest bits,3,5,-,-,7
03-03-2021,21:20,"Jesse Spencer (Matthew Casey), Taylor Kinney (Kelly Severide), Monica Raymund (Gabriela Dawson), Kara Killmer (Sylvie Brett), Eamonn Walker (Wallace Boden)",vtm4,2017,Chicago Fire,12,23, Romantisch Drama,Film,6
03-03-2021,22:30,-,vijf,-,-,-,-,-,Documentaire,-
03-03-2021,22:40,"Drew Barrymore (Danielle De Barbarac), Dougray Scott (prins Henry), Anjelica Huston (barones Rodmilla De Ghent), Patrick Godfrey (Leonardo da Vinci), Megan Dodds (Jacqueline De Ghent)",vtm3,1998,Ever After: A Cinderella Story,-,-,-,-,-
03-03-2021,22:10,-,vtm4,2017,Flights from Hell: Caught on Camera,2,3, Reality,Show,2017
03-03-2021,23:35,-,vijf,-,-,-,-, Realityreeks,Reportage,-
03-03-2021,23:00,-,vtm2,2013,Achter Gesloten Deuren,43,70, Dramaserie,Reeks,2
03-03-2021,23:50,-,vtm2,2007,US Kitchen Nightmares,1,10, Komische Serie,Reeks,1
03-03-2021,23:00,"Isaiah John (Leon Simmons), Amin Joseph (Jerome Saint), Michael Hyatt (Cissy Saint), Damson Idris (Franklin Saint)",vtm4,2018,Snowfall,1,10, Misdaadserie,Reeks,2
03-03-2021,23:55,"Damon Wayans (Michael Kyle), Tisha Campbell-Martin (Janet Kyle), Jazz Raycole (Claire Kyle), George O Gore II (Junior Kyle), Parker McKenna Posey (Kady Kyle)",vtm4,2001,My Wife and Kids,12,29,-,-,2
03-03-2021,00:25,"Nathan Fillion (John Nolan), Alyssa Diaz (Angela Lopez), Titus Makin Jr. (Jackson West), Richard T. Jones (Wade Grey), Eric Winter (Tim Bradford)",vijf,2019,The Rookie,13,20, Dramaserie,Reeks,2
03-03-2021,00:35,-,vtm2,2020,Geen uitzending,-,-,-,-,-
03-03-2021,00:45,"Milo Ventimiglia (Jack Pearson), Mandy Moore (Rebecca Pearson), Sterling K Brown (Randall Pearson), Chrissy Metz (Kate Pearson), Justin Hartley (Kevin Pearson)",vtm3,2018,This Is Us,8,18,-,Serie,3
03-03-2021,00:15,-,vtm4,2020,Geen uitzending,-,-,-,-,-
03-03-2021,01:05,-,vijf,-,Geen uitzending,-,-,-,-,-
03-03-2021,01:30,-,vtm3,2020,Geen uitzending,-,-,-,Serie,-
03-03-2021,02:05,-,vtm2,2020,Geen uitzending,-,-,-,Radioprogramma,-
03-03-2021,04:55,-,zes,-,Geen uitzending,-,-,-,-,-
03-03-2021,06:00,-,zes,-,NRJ : 6 - 10 met Michaël Joossens en Julie Vermeire,-,-,-,-,-
03-03-2021,10:00,-,zes,-,-,-,-,-,-,-
03-03-2021,11:40,-,zes,-,-,-,-,-,-,-
03-03-2021,11:50,-,zes,-,-,-,-, Komische Serie,Reeks,-
03-03-2021,12:30,-,zes,-,-,-,-,-,-,-
03-03-2021,12:55,"Jennifer Aniston (Rachel Green), Courteney Cox (Monica Geller), Lisa Kudrow (Phoebe Buffay), Matt LeBlanc (Joey Tribbiani), Matthew Perry (Chandler Bing)",zes,1998,Friends,2,24, Komische Serie,Reeks,5
03-03-2021,13:20,-,zes,-,-,-,-,-,-,-
03-03-2021,13:45,"Charlie Sheen (Charlie Harper), Jon Cryer (Alan Harper), Angus T Jones (Jake Harper), Holland Taylor (Evelyn Harper), Marin Hinkle (Judith)",zes,2003,Two And a Half Men,17,24,-,-,1
03-03-2021,14:05,-,zes,-,-,-,-, Misdaadserie,Reeks,-
03-03-2021,14:55,-,zes,-,-,-,-,-,-,-
03-03-2021,15:40,"Michael Weatherly (Anthony DiNozzo), Pauley Perrette (Abby Sciuto), Mark Harmon (Leroy Jethro Gibbs), Sean Murray (Timothy McGee), David McCallum (Dr. Donald 'Ducky' Mallard)",zes,2006,NCIS,21,24,-,-,4
03-03-2021,16:30,-,zes,-,-,-,-,-,-,-
03-03-2021,17:25,-,zes,-,-,-,-, Komische Serie,Reeks,-
03-03-2021,17:55,-,zes,-,-,-,-, Komische Serie,Reeks,-
03-03-2021,18:25,"Charlie Sheen (Charlie Harper), Jon Cryer (Alan Harper), Angus T Jones (Jake Harper), Holland Taylor (Evelyn Harper), Marin Hinkle (Judith)",zes,2003,Two And a Half Men,18,24,-,-,1
03-03-2021,18:50,"Charlie Sheen (Charlie Harper), Jon Cryer (Alan Harper), Angus T Jones (Jake Harper), Holland Taylor (Evelyn Harper), Marin Hinkle (Judith)",zes,2003,Two And a Half Men,19,24,-,-,1
03-03-2021,19:15,-,zes,-,-,-,-,-,-,-
03-03-2021,19:45,-,zes,-,-,-,-, Sf-serie,Reeks,-
03-03-2021,20:35,-,zes,-,-,-,-, Sf-serie,Reeks,-
03-03-2021,21:25,"Sonequa Martin-Green (Michael Burnham), Doug Jones (Saru), Anthony Rapp (Paul Stamets), Mary Wiseman (Sylvia Tilly), Emily Coutts (Keyla Detmer)",zes,2019,Star Trek: Discovery,8,14, Sf-serie,Reeks,2
03-03-2021,22:25,"Sonequa Martin-Green (Michael Burnham), Doug Jones (Saru), Anthony Rapp (Paul Stamets), Mary Wiseman (Sylvia Tilly), Emily Coutts (Keyla Detmer)",zes,2019,Star Trek: Discovery,9,14, Misdaadserie,Reeks,2
03-03-2021,23:20,"Sonequa Martin-Green (Michael Burnham), Doug Jones (Saru), Anthony Rapp (Paul Stamets), Mary Wiseman (Sylvia Tilly), Emily Coutts (Keyla Detmer)",zes,2019,Star Trek: Discovery,10,14, Realityreeks,Reportage,2
03-03-2021,00:15,"Jonny Lee Miller (Sherlock Holmes), Lucy Liu (Joan Watson), Aidan Quinn (Toby Gregson), Jon Michael Hill (Marcus Bell), Jordan Gelber (Eugene Hawes)",zes,2013,Elementary,14,24, Misdaadserie,Reeks,2
03-03-2021,01:05,-,zes,-,Highway Thru Hell Canada,11,-, Komedie,Film,8
03-03-2021,01:50,"Chris O'Donnell, LL Cool J (Sam Hanna), Daniela Ruah (Kensi Blye), Barrett Foa (Eric Beale)",zes,2017,NCIS: Los Angeles,8,9,-,Serie,9
03-03-2021,02:30,"Steve Guttenberg (Carey Mahoney), Bubba Smith (Moses Hightower), David Graf (Eugene Tackleberry), Michael Winslow (Larvell Jones), Marion Ramsey (Laverne Hooks)",zes,1986,Police Academy 3: Back in Training,-,-,-,-,-
03-03-2021,03:50,-,zes,-,Geen uitzending,-,-,-,-,-
03-03-2021,05:30,-,club-rtl,-,-,-,-,-,-,-
03-03-2021,06:30,-,club-rtl,-,-,-,-,-,-,-
03-03-2021,06:50,-,club-rtl,-,-,-,-,-,-,-
03-03-2021,07:00,-,club-rtl,-,-,-,-,-,-,-
03-03-2021,07:10,-,club-rtl,-,-,-,-,-,-,-
03-03-2021,07:25,-,club-rtl,-,-,-,-,-,-,-
03-03-2021,07:50,-,club-rtl,-,-,-,-,-,-,-
03-03-2021,07:55,-,club-rtl,-,-,-,-,-,-,-
03-03-2021,08:15,-,club-rtl,-,-,-,-,-,-,-
03-03-2021,09:30,-,club-rtl,-,-,-,-,-,-,-
03-03-2021,10:45,-,club-rtl,-,-,-,-,-,-,-
03-03-2021,13:45,-,club-rtl,-,-,-,-,-,-,-
03-03-2021,15:55,-,club-rtl,-,-,-,-,-,-,-
03-03-2021,16:45,-,club-rtl,-,-,-,-,-,-,-
03-03-2021,17:30,-,club-rtl,-,-,-,-,-,-,-
03-03-2021,18:20,-,club-rtl,-,-,-,-,-,-,-
03-03-2021,19:10,-,club-rtl,-,-,-,-,-,-,-
03-03-2021,20:00,-,club-rtl,-,-,-,-,-,-,-
03-03-2021,20:45,-,club-rtl,-,-,-,-,-,-,-
03-03-2021,22:30,-,club-rtl,-,-,-,-, Homeshoppingprogramma,Informatief Programma,-
03-03-2021,23:30,-,club-rtl,-,-,-,-,-,Serie,-
03-03-2021,23:35,-,club-rtl,-,Télé-achat,-,-,-,-,1
03-03-2021,21:00,-,KETNET,2021,Geen uitzending,-,-,-,-,-
03-03-2021,05:30,-,LA DEUX,-,-,-,-,-,-,-
03-03-2021,05:25,-,la-trois,-,-,-,-,-,-,-
03-03-2021,06:00,-,KETNET,-,-,-,-, Kleuterprogramma,Jeugdprogramma,-
03-03-2021,06:05,-,KETNET,-,-,-,-,-,-,-
03-03-2021,06:10,-,KETNET,-,Uki,23,52,-,-,1
03-03-2021,06:15,-,KETNET,-,-,-,-,-,-,-
03-03-2021,06:20,-,KETNET,-,-,-,-,-,-,-
03-03-2021,06:30,-,KETNET,-,-,-,-,-,-,-
03-03-2021,06:35,-,KETNET,-,-,-,-,-,-,-
03-03-2021,06:45,-,KETNET,-,-,-,-,-,-,-
03-03-2021,06:50,-,KETNET,-,-,-,-,-,-,-
03-03-2021,06:57,-,KETNET,-,-,-,-,-,-,-
03-03-2021,06:00,-,LA DEUX,-,-,-,-,-,-,-
03-03-2021,06:00,-,la-trois,-,-,-,-,-,-,-
03-03-2021,06:10,-,la-trois,-,-,-,-,-,-,-
03-03-2021,06:25,-,la-trois,-,-,-,-,-,-,-
03-03-2021,06:30,-,la-trois,-,-,-,-,-,-,-
03-03-2021,06:35,-,la-trois,-,-,-,-,-,-,-
03-03-2021,06:45,-,la-trois,-,-,-,-,-,-,-
03-03-2021,06:50,-,la-trois,-,-,-,-,-,-,-
03-03-2021,07:00,-,KETNET,-,-,-,-,-,-,-
03-03-2021,07:12,-,KETNET,-,-,-,-, Animatie,Jeugdprogramma,-
03-03-2021,07:15,-,KETNET,-,-,-,-,-,-,-
03-03-2021,07:27,-,KETNET,2017,Pipas & Douglas,11,52,-,-,1
03-03-2021,07:30,-,KETNET,-,-,-,-,-,-,-
03-03-2021,07:35,-,KETNET,-,-,-,-,-,-,-
03-03-2021,07:40,-,KETNET,-,-,-,-,-,-,-
03-03-2021,07:55,-,KETNET,-,-,-,-,-,-,-
03-03-2021,07:00,-,la-trois,-,-,-,-,-,-,-
03-03-2021,07:10,-,la-trois,-,-,-,-,-,-,-
03-03-2021,07:20,-,la-trois,-,-,-,-,-,-,-
03-03-2021,07:30,-,la-trois,-,-,-,-,-,-,-
03-03-2021,07:45,-,la-trois,-,-,-,-,-,-,-
03-03-2021,07:55,-,la-trois,-,-,-,-,-,-,-
03-03-2021,08:05,-,KETNET,-,-,-,-,-,-,-
03-03-2021,08:20,-,KETNET,-,-,-,-,-,-,-
03-03-2021,08:25,-,KETNET,-,-,-,-,-,-,-
03-03-2021,08:35,-,KETNET,-,-,-,-,-,-,-
03-03-2021,08:50,-,KETNET,-,-,-,-,-,-,-
03-03-2021,08:00,-,LA DEUX,-,-,-,-,-,-,-
03-03-2021,08:30,-,LA DEUX,-,-,-,-,-,-,-
03-03-2021,08:05,-,la-trois,-,-,-,-,-,-,-
03-03-2021,08:20,-,la-trois,-,-,-,-,-,-,-
03-03-2021,08:30,-,la-trois,-,-,-,-,-,-,-
03-03-2021,08:40,-,la-trois,-,-,-,-,-,-,-
03-03-2021,08:55,-,la-trois,-,-,-,-,-,-,-
03-03-2021,09:00,-,KETNET,-,-,-,-, Jeugdserie,Reeks,-
03-03-2021,09:05,-,KETNET,-,-,-,-,-,-,-
03-03-2021,09:30,-,KETNET,-,Prinsessia,8,13,-,-,4
03-03-2021,09:45,-,KETNET,-,-,-,-,-,-,-
03-03-2021,09:55,-,LA DEUX,-,-,-,-,-,-,-
03-03-2021,09:05,-,la-trois,-,-,-,-,-,-,-
03-03-2021,09:20,-,la-trois,-,-,-,-,-,-,-
03-03-2021,09:30,-,la-trois,-,-,-,-,-,-,-
03-03-2021,09:40,-,la-trois,-,-,-,-, Animatie,Jeugdprogramma,-
03-03-2021,09:55,-,la-trois,-,-,-,-,-,-,-
03-03-2021,10:00,-,KETNET,-,De Smurfen,132,122,-,-,4
03-03-2021,10:20,-,KETNET,-,-,-,-,-,-,-
03-03-2021,10:25,-,KETNET,-,-,-,-,-,-,-
03-03-2021,10:35,-,KETNET,-,-,-,-,-,-,-
03-03-2021,10:45,-,KETNET,-,-,-,-, Komische Serie,Reeks,-
03-03-2021,10:55,-,KETNET,-,-,-,-, Komische Serie,Reeks,-
03-03-2021,10:51,"Emilie Croon, Gaëtan Delferière, Florent Losson, Inno JP, Farah",LA DEUX,2019,Les Anonymes,11,20,-,-,1
03-03-2021,10:55,"Emilie Croon, Gaëtan Delferière, Florent Losson, Inno JP, Farah",LA DEUX,2019,Les Anonymes,4,20,-,-,1
03-03-2021,10:05,-,la-trois,-,-,-,-,-,-,-
03-03-2021,10:30,-,la-trois,-,-,-,-,-,-,-
03-03-2021,10:50,-,la-trois,-,-,-,-,-,-,-
03-03-2021,11:05,-,KETNET,-,-,-,-,-,-,-
03-03-2021,11:20,-,KETNET,-,-,-,-,-,-,-
03-03-2021,11:25,-,KETNET,-,-,-,-,-,-,-
03-03-2021,11:50,-,KETNET,-,-,-,-,-,Spelprogramma's,-
03-03-2021,11:00,-,LA DEUX,-,-,-,-,-,-,-
03-03-2021,11:30,-,LA DEUX,2020,N'oubliez pas les paroles,-,-,-,-,2020
03-03-2021,11:15,-,la-trois,-,-,-,-,-,-,-
03-03-2021,11:35,-,la-trois,-,-,-,-,-,-,-
03-03-2021,12:00,-,KETNET,-,-,-,-,-,-,-
03-03-2021,12:10,-,KETNET,-,-,-,-,-,-,-
03-03-2021,12:25,-,KETNET,-,-,-,-,-,-,-
03-03-2021,12:40,-,KETNET,-,-,-,-,-,-,-
03-03-2021,12:55,-,KETNET,-,-,-,-,-,-,-
03-03-2021,12:00,-,LA DEUX,-,-,-,-,-,-,-
03-03-2021,12:35,-,LA DEUX,-,-,-,-,-,-,-
03-03-2021,12:00,-,la-trois,-,-,-,-,-,-,-
03-03-2021,12:10,-,la-trois,-,-,-,-,-,-,-
03-03-2021,12:25,-,la-trois,-,-,-,-,-,-,-
03-03-2021,12:35,-,la-trois,-,-,-,-,-,-,-
03-03-2021,12:45,-,la-trois,-,-,-,-, Animatie,Jeugdprogramma,-
03-03-2021,12:55,-,la-trois,-,-,-,-,-,-,-
03-03-2021,13:15,-,KETNET,2017,Grizzy & the Lemmings,45,78,-,-,1
03-03-2021,13:20,-,KETNET,-,-,-,-, Jeugdserie,Reeks,-
03-03-2021,13:30,-,KETNET,-,-,-,-,-,-,-
03-03-2021,13:55,-,KETNET,-,Prinsessia,10,13,-,-,4
03-03-2021,13:05,-,LA DEUX,-,-,-,-,-,-,-
03-03-2021,13:30,-,LA DEUX,-,-,-,-,-,-,-
03-03-2021,13:10,-,la-trois,-,-,-,-,-,-,-
03-03-2021,13:15,-,la-trois,-,-,-,-,-,-,-
03-03-2021,13:20,-,la-trois,-,-,-,-,-,-,-
03-03-2021,13:30,-,la-trois,-,-,-,-,-,-,-
03-03-2021,14:10,-,KETNET,-,-,-,-,-,-,-
03-03-2021,14:25,-,KETNET,-,-,-,-,-,-,-
03-03-2021,14:45,-,KETNET,-,-,-,-,-,-,-
03-03-2021,14:50,-,KETNET,-,-,-,-,-,-,-
03-03-2021,14:00,-,LA DEUX,-,-,-,-,-,-,-
03-03-2021,14:45,-,la-trois,-,-,-,-,-,-,-
03-03-2021,15:00,-,KETNET,-,-,-,-,-,-,-
03-03-2021,15:15,-,KETNET,-,-,-,-,-,-,-
03-03-2021,15:25,-,KETNET,-,-,-,-,-,-,-
03-03-2021,15:50,-,KETNET,-,-,-,-,-,-,-
03-03-2021,15:30,-,LA DEUX,-,-,-,-,-,-,-
03-03-2021,15:00,-,la-trois,-,-,-,-,-,-,-
03-03-2021,15:25,-,la-trois,-,-,-,-,-,-,-
03-03-2021,15:30,-,la-trois,-,-,-,-,-,-,-
03-03-2021,15:55,-,la-trois,-,-,-,-,-,-,-
03-03-2021,16:00,-,KETNET,-,-,-,-, Animatie,Jeugdprogramma,-
03-03-2021,16:10,-,KETNET,-,-,-,-,-,-,-
03-03-2021,16:20,Joeri Christiaen,KETNET,2021,Mush Mush & de Zwammetjes,39,52,-,-,1
03-03-2021,16:30,-,KETNET,-,-,-,-,-,-,-
03-03-2021,16:40,-,KETNET,-,-,-,-,-,-,-
03-03-2021,16:55,-,KETNET,-,-,-,-,-,-,-
03-03-2021,16:30,-,LA DEUX,-,-,-,-,-,-,-
03-03-2021,16:55,-,LA DEUX,-,-,-,-,-,-,-
03-03-2021,16:20,-,la-trois,-,-,-,-,-,-,-
03-03-2021,16:30,-,la-trois,-,-,-,-,-,-,-
03-03-2021,16:40,-,la-trois,-,-,-,-,-,-,-
03-03-2021,16:50,-,la-trois,-,-,-,-,-,-,-
03-03-2021,17:05,-,KETNET,-,-,-,-,-,-,-
03-03-2021,17:15,-,KETNET,-,-,-,-,-,-,-
03-03-2021,17:30,-,KETNET,-,-,-,-,-,-,-
03-03-2021,17:40,-,KETNET,-,-,-,-,-,-,-
03-03-2021,17:55,-,KETNET,-,-,-,-,-,-,-
03-03-2021,17:30,-,LA DEUX,-,-,-,-,-,-,-
03-03-2021,17:00,-,la-trois,-,-,-,-,-,-,-
03-03-2021,17:15,-,la-trois,-,-,-,-,-,-,-
03-03-2021,17:25,-,la-trois,-,-,-,-,-,-,-
03-03-2021,17:40,-,la-trois,-,-,-,-,-,-,-
03-03-2021,18:10,-,KETNET,-,-,-,-, Jeugd,Jeugdprogramma,-
03-03-2021,18:35,-,KETNET,-,-,-,-,-,-,-
03-03-2021,18:40,-,KETNET,2017,Lucas en zo,20,26,-,-,1
03-03-2021,18:50,-,KETNET,-,-,-,-,-,-,-
03-03-2021,18:05,-,LA DEUX,-,-,-,-,-,-,-
03-03-2021,18:58,-,LA DEUX,-,-,-,-,-,-,-
03-03-2021,18:00,-,la-trois,-,-,-,-,-,-,-
03-03-2021,18:10,-,la-trois,-,-,-,-,-,-,-
03-03-2021,18:25,-,la-trois,-,-,-,-,-,-,-
03-03-2021,18:30,-,la-trois,-,-,-,-,-,-,-
03-03-2021,18:40,-,la-trois,-,-,-,-,-,-,-
03-03-2021,18:50,-,la-trois,-,-,-,-,-,-,-
03-03-2021,18:55,-,la-trois,-,-,-,-,-,-,-
03-03-2021,19:05,-,KETNET,-,-,-,-,-,-,-
03-03-2021,19:15,-,KETNET,-,-,-,-,-,-,-
03-03-2021,19:30,-,KETNET,-,-,-,-,-,-,-
03-03-2021,19:45,-,KETNET,-,-,-,-,-,-,-
03-03-2021,19:55,-,KETNET,-,-,-,-, Animatie,Reeks,-
03-03-2021,19:00,-,LA DEUX,-,-,-,-,-,-,-
03-03-2021,19:25,-,LA DEUX,1994,The Simpsons,14,25,-,-,6
03-03-2021,19:55,-,LA DEUX,-,-,-,-,-,-,-
03-03-2021,19:10,-,la-trois,-,-,-,-,-,-,-
03-03-2021,19:20,-,la-trois,-,-,-,-,-,-,-
03-03-2021,19:30,-,la-trois,-,-,-,-,-,-,-
03-03-2021,19:43,-,la-trois,-,-,-,-,-,-,-
03-03-2021,19:45,-,la-trois,-,-,-,-,-,-,-
03-03-2021,19:46,-,la-trois,-,-,-,-,-,-,-
03-03-2021,19:56,-,la-trois,-,-,-,-, Volleybal,Sport,-
03-03-2021,20:00,-,KETNET,-,-,-,-, Western,Film,-
03-03-2021,20:25,-,KETNET,2021,Sporza: volleybal,-,-,-,-,-
03-03-2021,20:05,"Kurt Russell (John Ruth), Jennifer Jason Leigh (Daisy Domergue), Samuel L. Jackson (Major Marquis Warren), Tim Roth (Oswaldo Mobray), Michael Madsen (Joe Gage)",LA DEUX,2015,The Hateful Eight,-,-,-,-,-
03-03-2021,20:00,-,la-trois,-,-,-,-,-,-,-
03-03-2021,20:36,-,la-trois,-,-,-,-, Musical,Film,-
03-03-2021,20:40,-,la-trois,-,-,-,-,-,-,-
03-03-2021,21:10,"Hugh Jackman (Jean Valjean), Russell Crowe (Javert), Anne Hathaway (Fantine), Amanda Seyfried (Cosette), Sacha Baron Cohen (Thénardier)",la-trois,2012,Les misérables,-,-, Cultuurmagazine,Serie,-
03-03-2021,22:30,-,KETNET,-,-,-,-,-,Serie,-
03-03-2021,22:50,-,LA DEUX,2021,Culture Club,9,-,-,-,2021
03-03-2021,23:10,-,KETNET,2021,Geen uitzending,-,-,-,Magazine,-
03-03-2021,23:22,-,LA DEUX,-,-,-,-,-,Magazine,-
03-03-2021,23:25,-,LA DEUX,2019,Crac Crac,4,16,-,-,2019
03-03-2021,00:10,-,LA DEUX,-,OpinionS,22,-, Culinair Magazine,Serie,1
03-03-2021,00:40,-,LA DEUX,-,-,-,-,-,-,-
03-03-2021,00:50,Angelo Abou Hatem,LA DEUX,2021,Stress en cuisine,6,15, Cultuurmagazine,Serie,2021
03-03-2021,00:00,-,la-trois,-,-,-,-,-,Serie,-
03-03-2021,00:55,-,la-trois,-,En quête de sens,9,-, Culinair Magazine,Serie,1
03-03-2021,01:15,-,LA DEUX,2017,Vews (Boucle de nuit),-,-,-,Serie,-
03-03-2021,01:25,Angelo Abou Hatem,LA DEUX,2020,Stress en cuisine (Boucle de nuit),6,15,-,Serie,2020
03-03-2021,01:50,-,LA DEUX,2017,Vews (Boucle de nuit),-,-, Weerbericht,Nieuws,-
03-03-2021,01:20,-,la-trois,2015,JT 19h30 avec interprétation en langue des signes,-,-, Culinair Magazine,Serie,-
03-03-2021,01:56,-,la-trois,-,Météo internationale,-,-,-,Serie,-
03-03-2021,02:00,Angelo Abou Hatem,LA DEUX,2020,Stress en cuisine (Boucle de nuit),6,15, Culinair Magazine,Serie,2020
03-03-2021,02:30,-,LA DEUX,2017,Vews (Boucle de nuit),-,-,-,Magazine,-
03-03-2021,02:35,Angelo Abou Hatem,LA DEUX,2020,Stress en cuisine (Boucle de nuit),6,15,-,Magazine,2020
03-03-2021,02:00,David Montagne,la-trois,-,Madame Monsieur Bonsoir,-,-,-,Serie,1
03-03-2021,02:05,Sylvie Herman,la-trois,2019,CQFD (Ce Qui Fait Débat),6,220,-,Serie,2019
03-03-2021,02:30,Jacques Deschamps,la-trois,1988,Cinéscope : Annie Girardot (1988),-,-, Culinair Magazine,Serie,-
03-03-2021,03:05,-,LA DEUX,2017,Vews (Boucle de nuit),-,-,-,Serie,-
03-03-2021,03:10,Angelo Abou Hatem,LA DEUX,2020,Stress en cuisine (Boucle de nuit),6,15, Culinair Magazine,Serie,2020
03-03-2021,03:40,-,LA DEUX,2017,Vews (Boucle de nuit),-,-,-,Serie,-
03-03-2021,03:45,Angelo Abou Hatem,LA DEUX,2020,Stress en cuisine (Boucle de nuit),6,15,-,Serie,2020
03-03-2021,03:25,-,la-trois,1984,Plein jeu - Michel Legrand : Archives,-,-,-,Serie,-
03-03-2021,03:45,-,la-trois,2015,JT 19h30 avec interprétation en langue des signes,-,-, Culinair Magazine,Serie,-
03-03-2021,04:15,-,LA DEUX,2017,Vews (Boucle de nuit),-,-,-,Serie,-
03-03-2021,04:20,Angelo Abou Hatem,LA DEUX,2020,Stress en cuisine (Boucle de nuit),6,15, Culinair Magazine,Serie,2020
03-03-2021,04:50,-,LA DEUX,2017,Vews (Boucle de nuit),-,-, Weerbericht,Nieuws,-
03-03-2021,04:55,Angelo Abou Hatem,LA DEUX,2020,Stress en cuisine (Boucle de nuit),6,15,-,Magazine,2020
03-03-2021,04:20,-,la-trois,-,Météo internationale,-,-,-,Magazine,-
03-03-2021,04:24,David Montagne,la-trois,-,Madame Monsieur Bonsoir,-,-,-,Serie,1
03-03-2021,04:25,Sylvie Herman,la-trois,2019,CQFD (Ce Qui Fait Débat),6,220,-,-,2019
03-03-2021,04:50,-,la-trois,2015,JT 19h30 avec interprétation en langue des signes,-,-,-,-,-
03-03-2021,05:00,-,RTI TVI HD,-,-,-,-,-,-,-
03-03-2021,08:30,-,RTI TVI HD,-,-,-,-,-,-,-
03-03-2021,10:45,-,RTI TVI HD,-,-,-,-, Culinair Magazine,Serie,-
03-03-2021,11:35,-,RTI TVI HD,-,-,-,-,-,-,-
03-03-2021,12:35,-,RTI TVI HD,2020,"Loïc, fou de cuisine",-,-,-,-,2
03-03-2021,12:45,-,RTI TVI HD,-,-,-,-,-,-,-
03-03-2021,13:00,-,RTI TVI HD,-,-,-,-,-,-,-
03-03-2021,13:20,-,RTI TVI HD,-,-,-,-,-,-,-
03-03-2021,13:30,-,RTI TVI HD,-,-,-,-,-,-,-
03-03-2021,13:35,-,RTI TVI HD,-,-,-,-, Realityreeks,Reportage,-
03-03-2021,15:25,-,RTI TVI HD,-,-,-,-,-,-,-
03-03-2021,16:10,-,RTI TVI HD,2020,Les reines du shopping,-,-,-,-,10
03-03-2021,17:10,-,RTI TVI HD,-,-,-,-,-,-,-
03-03-2021,18:15,-,RTI TVI HD,-,-,-,-,-,-,-
03-03-2021,18:30,-,RTI TVI HD,-,-,-,-,-,-,-
03-03-2021,19:00,-,RTI TVI HD,-,-,-,-,-,-,-
03-03-2021,19:40,-,RTI TVI HD,-,-,-,-,-,-,-
03-03-2021,19:50,-,RTI TVI HD,-,-,-,-,-,-,-
03-03-2021,20:25,"Clovis Cornillac (Astérix), Gérard Depardieu (Obélix), Benoît Poelvoorde (Brutus), José Garcia (Couverdepus), Alain Delon (Julius Caesar)",RTI TVI HD,2008,Asterix en de Olympische Spelen,-,-,-,-,-
03-03-2021,22:25,-,RTI TVI HD,-,-,-,-,-,-,-
03-03-2021,23:10,-,RTI TVI HD,-,-,-,-,-,Serie,-
03-03-2021,00:05,-,RTI TVI HD,-,-,-,-,-,Spelprogramma's,-
03-03-2021,00:15,-,RTI TVI HD,-,-,-,-, Nieuws In Lusvorm,Serie,-
